{
  "setting": {},
  "condition": {
    "plugin": {
      "list": []
    },
    "game": {
      "list": []
    },
    "gamePlugin": {
      "list": []
    },
    "miniprogram": {
      "list": [
        {
          "name": "商品详情页",
          "pathName": "pages/demo1-1/demo1-1",
          "query": "id=18ed0968619892730642a9de5cd9e92d",
          "scene": null
        },
        {
          "name": "pages/demo1/demo1",
          "pathName": "pages/demo1/demo1",
          "query": "id=18ed0968619892730642a9de5cd9e92d",
          "scene": null
        }
      ]
    }
  }
}